{
	"name": "immersive-render",
	"title": "Immersive Render",
	"description": "<p>A module that plays sound files upon rendering entity sheets. <a href='https://ko-fi.com/salieric'>Please consider donating.</a> </p>",
	"minimumCoreVersion": "9.249",
	"compatibleCoreVersion": "9.269",
	"version": "0.1.0",
	"author": "SalieriC",
	"dependencies": [
        {
			"type": "module",
			"name": "settings-extender",
			"manifest": "https://gitlab.com/foundry-azzurite/settings-extender/-/jobs/artifacts/master/raw/dist/settings-extender/module.json?job=build"
		}
    ],
	"languages": [
		{
			"lang": "en",
			"name": "English",
			"path": "lang/en.json"
		}
	],
	"systems": [],
	"esmodules": ["./scripts/init.js"],
	"scripts": [],
	"packs": [],
	"url": "https://github.com/SalieriC/immersive-render",
	"manifest": "https://raw.githubusercontent.com/SalieriC/immersive-render/main/immersive-render/module.json?token=GHSAT0AAAAAABKZ3LUPTFWIXWFSPWT2PISMYX6RU6A",
	"download": "https://github.com/SalieriC/immersive-render/blob/main/immersive-render.zip?raw=true"
}
