{
	"id": "immersive-render",
	"name": "immersive-render",
	"title": "Immersive Render",
	"description": "<p>A module that plays sound files upon rendering entity sheets. <a href='https://ko-fi.com/salieric'>Please consider donating.</a> </p>",
	"compatibility": {
		"minimum": 9,
		"verified": "10.278",
		"maximum": 10
	},
	"minimumCoreVersion": "9",
	"compatibleCoreVersion": "10.278",
	"version": "1.1.0",
	"author": "SalieriC",
	"relationships": {
		"requires": []
	},
	"languages": [
		{
			"lang": "en",
			"name": "English",
			"path": "lang/en.json"
		}
	],
	"systems": [],
	"esmodules": [
		"./scripts/init.js"
	],
	"scripts": [],
	"packs": [],
	"flags": {
		"fvttdevleague": {
			"package-jam": 2022
		}
	},
	"url": "https://github.com/SalieriC/immersive-render",
	"manifest": "https://raw.githubusercontent.com/SalieriC/immersive-render/main/immersive-render/module.json?token=GHSAT0AAAAAABKZ3LUPTFWIXWFSPWT2PISMYX6RU6A",
	"download": "https://github.com/SalieriC/immersive-render/blob/main/immersive-render.zip?raw=true"
}